{"min": [-0.699565, -0.666936, -0.456495], "max": [0.687194, 0.559812, 0.481345]}